#,AA,X,c_max
UAA,*,0.28,0.52
UAG,*,0.2,0.52
UGA,*,0.52,0.52
GCU,A,0.26,0.4
GCC,A,0.4,0.4
GCA,A,0.23,0.4
GCG,A,0.11,0.4
UGU,C,0.45,0.55
UGC,C,0.55,0.55
GAU,D,0.46,0.54
GAC,D,0.54,0.54
GAA,E,0.42,0.58
GAG,E,0.58,0.58
UUU,F,0.45,0.55
UUC,F,0.55,0.55
GGU,G,0.16,0.34
GGC,G,0.34,0.34
GGA,G,0.25,0.34
GGG,G,0.25,0.34
CAU,H,0.41,0.59
CAC,H,0.59,0.59
AUU,I,0.36,0.48
AUC,I,0.48,0.48
AUA,I,0.16,0.48
AAA,K,0.42,0.58
AAG,K,0.58,0.58
UUA,L,0.07,0.41
UUG,L,0.13,0.41
CUU,L,0.13,0.41
CUC,L,0.2,0.41
CUA,L,0.07,0.41
CUG,L,0.41,0.41
AUG,M,1.0,1.0
AAU,N,0.46,0.54
AAC,N,0.54,0.54
CCU,P,0.28,0.33
CCC,P,0.33,0.33
CCA,P,0.27,0.33
CCG,P,0.11,0.33
CAA,Q,0.25,0.75
CAG,Q,0.75,0.75
CGU,R,0.08,0.21
CGC,R,0.19,0.21
CGA,R,0.11,0.21
CGG,R,0.21,0.21
AGA,R,0.2,0.21
AGG,R,0.2,0.21
UCU,S,0.18,0.24
UCC,S,0.22,0.24
UCA,S,0.15,0.24
UCG,S,0.06,0.24
AGU,S,0.15,0.24
AGC,S,0.24,0.24
ACU,T,0.24,0.36
ACC,T,0.36,0.36
ACA,T,0.28,0.36
ACG,T,0.12,0.36
GUU,V,0.18,0.47
GUC,V,0.24,0.47
GUA,V,0.11,0.47
GUG,V,0.47,0.47
UGG,W,1.0,1.0
UAU,Y,0.43,0.57
UAC,Y,0.57,0.57
